id,coc,cor,port_code,age,visa_issued_in,occup,biryear,gender,airline,admnum,fltno,visatype,arrival_dt,departure_dt,added_to_i94,allowed_until,arrival_mode,visit_purpose
5765777,438,438,LOS,50,"","",1966,"",QF,2147483647,00093,WB,2016-04-30,2016-05-12,2016-04-30,2016-07-28,Air,Business
5769548,464,464,LOS,56,"","",1960,M,NZ,2147483647,00002,WB,2016-04-30,2016-05-05,2016-04-30,2016-07-28,Air,Business
5769549,464,464,LOS,46,"","",1970,M,NZ,2147483647,00002,WB,2016-04-30,2016-05-05,2016-04-30,2016-07-28,Air,Business
5814157,575,575,HOU,28,SNJ,"",1988,M,UA,2147483647,01097,B1,2016-04-30,2016-05-07,2016-04-30,2016-10-29,Air,Business
471696,135,135,SEA,43,"","",1973,"",BA,2147483647,00049,WB,2016-04-03,2016-04-06,2016-04-03,2016-07-01,Air,Business
474028,135,135,SEA,43,LND,"",1973,M,BA,2147483647,00049,I,2016-04-03,2016-04-11,2016-04-03,"",Air,Business
474036,135,135,SEA,43,LND,OTH,1973,F,BA,2147483647,00049,I,2016-04-03,2016-04-11,2016-04-03,"",Air,Business
490512,209,209,SEA,47,"","",1969,"",DL,2147483647,00166,WB,2016-04-03,2016-04-21,2016-04-03,2016-07-01,Air,Business
502237,245,245,DET,40,SHG,"",1976,M,DL,2147483647,00582,B1,2016-04-03,2016-04-09,2016-04-03,2016-04-22,Air,Business
523876,528,528,HOU,32,TGG,"",1984,M,NK,2147483647,00463,B1,2016-04-03,2016-04-10,2016-04-03,2016-10-02,Air,Business
629518,108,108,SEA,59,"","",1957,"",DL,2147483647,00143,WB,2016-04-04,2016-04-08,2016-04-04,2016-07-02,Air,Business
666210,135,135,SPM,58,"","",1958,M,DL,2147483647,00011,WB,2016-04-04,2016-04-14,2016-04-04,2016-07-02,Air,Business
668676,135,135,ATL,41,LND,"",1975,M,DL,2147483647,00031,B1,2016-04-04,2016-04-05,2016-04-04,2016-10-03,Air,Business
685745,209,209,SEA,36,"","",1980,"",DL,2147483647,00166,WB,2016-04-04,2016-04-15,2016-04-04,2016-07-02,Air,Business
685746,209,209,SEA,33,"","",1983,"",DL,2147483647,00166,WB,2016-04-04,2016-04-15,2016-04-04,2016-07-02,Air,Business
4089988,213,213,SFR,24,BMB,"",1992,F,BA,2147483647,00285,B1,2016-04-22,2016-05-10,2016-04-22,2016-10-21,Air,Business
695508,245,245,SNJ,35,GUZ,"",1981,M,HU,2147483647,07989,B1,2016-04-04,2016-05-13,2016-04-04,2016-10-03,Air,Business
708521,373,373,SEA,36,DRB,"",1980,M,EK,2147483647,00229,B1,2016-04-04,2016-04-06,2016-04-04,2016-10-03,Air,Business
708522,373,373,SEA,30,DRB,"",1986,M,EK,2147483647,00229,B1,2016-04-04,2016-04-06,2016-04-04,2016-10-03,Air,Business
828628,124,124,NEW,47,"","",1969,M,SK,681430985,907,WB,2016-04-05,2016-04-10,2016-04-05,2016-07-03,Air,Business
4251574,104,104,SEA,56,"","",1960,M,BA,2147483647,00049,WB,2016-04-23,2016-04-30,2016-04-23,2016-07-21,Air,Business
4262269,114,114,ATL,34,"","",1982,"",DL,2147483647,00131,WB,2016-04-23,2016-04-27,2016-04-23,2016-07-21,Air,Business
869835,245,245,LOS,43,GUZ,"",1973,M,CZ,2147483647,00327,B1,2016-04-05,2016-04-09,2016-04-05,2016-10-04,Air,Business
869836,245,245,LOS,41,GUZ,"",1975,M,CZ,2147483647,00327,B1,2016-04-05,2016-04-09,2016-04-05,2016-10-04,Air,Business
869837,245,245,LOS,35,GUZ,"",1981,M,CZ,2147483647,00327,B1,2016-04-05,2016-04-09,2016-04-05,2016-10-04,Air,Business
1826494,209,209,ATL,45,"","",1971,"",DL,2147483647,00296,WB,2016-04-10,2016-04-16,2016-04-10,2016-07-08,Air,Business
1827038,209,209,DET,43,"","",1973,M,DL,2147483647,00276,WB,2016-04-10,2016-04-12,2016-04-10,2016-07-08,Air,Business
1827039,209,209,DET,35,"","",1981,"",DL,2147483647,00276,WB,2016-04-10,2016-04-12,2016-04-10,2016-07-08,Air,Business
4293002,135,135,SEA,57,"","",1959,"",BA,2147483647,00049,WB,2016-04-23,2016-04-24,2016-04-23,2016-07-21,Air,Business
1834400,209,209,SEA,46,TAI,"",1970,M,DL,2147483647,00166,B1,2016-04-10,2016-04-13,2016-04-10,2016-05-09,Air,Business
1834767,209,209,SEA,45,TKY,"",1971,F,DL,2147483647,00166,E1,2016-04-10,2016-06-24,2016-04-10,2018-04-09,Air,Business
4309993,209,209,SEA,38,"","",1978,M,NH,2147483647,00178,WB,2016-04-23,2016-05-08,2016-04-23,2016-07-21,Air,Business
4316202,213,213,PHO,43,MDR,"",1973,M,BA,2147483647,00289,B1,2016-04-23,"",2016-04-23,2016-10-22,Air,Business
4317139,213,213,CHI,32,NWD,"",1984,M,UA,2147483647,00896,B1,2016-04-23,2016-05-06,2016-04-23,2016-10-22,Air,Business
1957253,687,687,DAL,47,BNS,"",1969,M,AA,2147483647,00996,B1,2016-04-10,2016-04-14,2016-04-10,2016-10-09,Air,Business
1958124,687,687,MIA,41,BNS,"",1975,M,AA,2147483647,00900,B1,2016-04-10,2016-04-16,2016-04-10,2016-10-09,Air,Business
4476562,110,110,SEA,42,"","",1974,"",FI,2147483647,00681,WB,2016-04-24,2016-04-25,2016-04-24,2016-07-22,Air,Business
4476563,110,110,SEA,36,"","",1980,"",FI,2147483647,00681,WB,2016-04-24,2016-04-25,2016-04-24,2016-07-22,Air,Business
4481461,111,111,SEA,45,"","",1971,M,DL,2147483647,00033,WB,2016-04-24,2016-04-29,2016-04-24,2016-07-22,Air,Business
4481462,111,111,SEA,41,"","",1975,M,DL,2147483647,00033,WB,2016-04-24,2016-04-29,2016-04-24,2016-07-22,Air,Business
1992343,126,126,CLT,56,"","",1960,M,AA,2147483647,00733,WB,2016-04-11,2016-05-26,2016-04-11,2016-07-09,Air,Business
2008606,135,135,SEA,44,"","",1972,M,BA,2147483647,00049,WB,2016-04-11,2016-04-14,2016-04-11,2016-07-09,Air,Business
2026852,209,209,SEA,40,"","",1976,"",DL,2147483647,00166,WB,2016-04-11,2016-04-17,2016-04-11,2016-07-09,Air,Business
5439778,124,124,ORL,25,"","",1991,M,DL,2147483647,00143,WB,2016-04-29,2016-05-09,2016-04-29,2016-07-27,Air,Business
5443219,129,135,SEA,55,"","",1961,M,BA,2147483647,00049,WB,2016-04-29,2016-05-07,2016-04-29,2016-07-27,Air,Business
2092072,577,577,FTL,40,GTM,"",1976,M,NK,2147483647,00244,B1,2016-04-11,2016-04-14,2016-04-11,2016-10-10,Air,Business
5449528,135,135,DET,47,"","",1969,F,DL,2147483647,00019,WB,2016-04-29,2016-05-01,2016-04-29,2016-07-27,Air,Business
5449529,135,135,DET,44,"","",1972,M,DL,2147483647,00019,WB,2016-04-29,2016-05-01,2016-04-29,2016-07-27,Air,Business
2147071,694,694,ATL,37,"","",1979,"",DL,2147483647,00150,B1,2016-04-11,2016-05-11,2016-04-11,2016-10-10,Air,Business
2184600,206,206,ANC,43,HNK,"",1973,F,*GA,2147483647,VPCZL,B1,2016-04-12,2016-04-16,2016-04-12,2016-10-11,Air,Business
2197197,245,245,ANC,30,BEJ,"",1986,M,*GA,2147483647,B8105,B1,2016-04-12,2016-05-29,2016-04-12,2016-10-11,Air,Business
2197198,245,245,ANC,27,BEJ,"",1989,F,*GA,2147483647,B8105,B1,2016-04-12,2016-06-07,2016-04-12,2016-10-11,Air,Business
2198405,245,245,ANC,30,GUZ,"",1986,M,*GA,2147483647,B8105,B1,2016-04-12,2016-04-13,2016-04-12,2016-10-11,Air,Business
2198406,245,245,ANC,38,GUZ,"",1978,M,*GA,2147483647,B8105,B1,2016-04-12,2016-05-10,2016-04-12,2016-10-08,Air,Business
2198407,245,245,ANC,36,GUZ,"",1980,M,*GA,2147483647,B8105,B1,2016-04-12,2016-05-10,2016-04-12,2016-10-11,Air,Business
2198408,245,245,ANC,34,GUZ,"",1982,M,*GA,2147483647,B8105,B1,2016-04-12,2016-05-29,2016-04-12,2016-10-11,Air,Business
2198409,245,245,ANC,41,GUZ,"",1975,M,*GA,2147483647,B8105,B1,2016-04-12,2016-05-30,2016-04-12,2016-10-11,Air,Business
2209262,273,273,ORL,42,"","",1974,M,BA,2147483647,02039,B1,2016-04-11,2016-04-14,2016-04-12,2016-10-10,Air,Business
2215380,464,464,SFR,23,"","",1993,"",QF,2147483647,0073C,B1,2016-04-12,2016-04-14,2016-04-12,2016-10-11,Air,Business
2217986,528,528,FTL,27,TGG,"",1989,F,NK,2147483647,00826,B1,2016-04-12,2016-04-17,2016-04-12,2016-10-11,Air,Business
5654194,694,694,ATL,52,LMA,"",1964,M,DL,2147483647,00150,B1,2016-04-29,2016-05-03,2016-04-29,2016-10-28,Air,Business
4494938,126,135,ATL,51,"","",1965,F,DL,2147483647,00029,WB,2016-04-24,2016-04-28,2016-04-24,2016-07-22,Air,Business
4498456,130,130,MIA,67,"","",1949,M,CM,2147483647,00226,WB,2016-04-24,"",2016-04-24,2016-07-22,Air,Business
4498650,130,130,SFR,58,"","",1958,"",UA,2147483647,00059,WB,2016-04-24,2016-05-07,2016-04-24,2016-07-22,Air,Business
4502656,135,135,DET,48,"","",1968,M,DL,2147483647,00019,WB,2016-04-24,2016-04-27,2016-04-24,2016-07-22,Air,Business
4508573,135,135,CHI,56,"","",1960,M,BA,2147483647,00297,WB,2016-04-24,2016-04-28,2016-04-24,2016-07-22,Air,Business
4509278,135,135,SEA,52,"","",1964,M,BA,2147483647,00049,WB,2016-04-24,2016-05-06,2016-04-24,2016-07-22,Air,Business
4509280,135,135,SEA,31,"","",1985,M,BA,883068185,49,WB,2016-04-24,2016-05-13,2016-04-24,2016-07-22,Air,Business
4509954,135,135,SLC,62,"","",1954,F,DL,2147483647,00051,WB,2016-04-24,2016-04-29,2016-04-24,2016-07-22,Air,Business
4511963,135,135,DET,26,"","",1990,"",DL,2147483647,00019,WB,2016-04-24,2016-04-29,2016-04-24,2016-07-22,Air,Business
4526714,209,209,CHI,37,"","",1979,M,JL,2147483647,00010,WB,2016-04-24,2016-04-27,2016-04-24,2016-07-22,Air,Business
4527197,209,209,SEA,50,"","",1966,"",DL,2147483647,00166,WB,2016-04-24,2016-04-28,2016-04-24,2016-07-22,Air,Business
4527198,209,209,SEA,33,"","",1983,"",NH,2147483647,00178,WB,2016-04-24,2016-05-08,2016-04-24,2016-07-22,Air,Business
4528435,209,209,SEA,43,TKY,"",1973,M,NH,2147483647,00178,B1,2016-04-24,2016-04-30,2016-04-24,2016-10-23,Air,Business
4528436,209,209,SEA,38,TKY,"",1978,M,NH,2147483647,00178,B1,2016-04-24,2016-04-30,2016-04-24,2016-05-23,Air,Business
5698832,135,135,LOS,41,"","",1975,"",SK,2147483647,00939,WB,2016-04-30,2016-05-01,2016-04-30,2016-07-28,Air,Business
5703571,135,135,SEA,28,"","",1988,M,BA,2147483647,00049,WB,2016-04-30,2016-05-08,2016-04-30,2016-07-28,Air,Business
4554096,268,268,ORL,50,TAI,"",1966,M,BR,2147483647,00026,E1,2016-04-24,2016-09-11,2016-04-24,2018-04-23,Air,Business
5717689,164,164,SFR,30,SAR,"",1986,M,LH,2147483647,00458,B1,2016-04-30,2016-07-03,2016-04-30,2016-10-29,Air,Business
4600961,576,576,MIA,36,SNS,"",1980,F,UA,2147483647,01468,B1,2016-04-24,2016-04-29,2016-04-24,2016-10-23,Air,Business
5730766,213,213,ATL,29,"","",1987,"",BA,2147483647,00227,B1,2016-04-30,2016-05-01,2016-04-30,2016-10-29,Air,Business
5730861,213,213,DAL,40,"","",1976,"",AA,2147483647,00079,B1,2016-04-30,2016-05-09,2016-04-30,2016-10-29,Air,Business
5730862,213,213,DAL,31,"","",1985,"",AA,2147483647,00079,B1,2016-04-30,2016-05-28,2016-04-30,2016-10-29,Air,Business
5734201,213,213,PHO,28,HYD,"",1988,M,BA,2147483647,00289,B1,2016-04-30,2016-06-04,2016-04-30,2016-10-29,Air,Business
5736703,213,213,LOS,53,NWD,"",1963,M,LH,2147483647,00456,B1,2016-04-30,2016-05-12,2016-04-30,2016-10-29,Air,Business
5736999,213,213,SEA,41,NWD,"",1975,M,EK,2147483647,00229,B1,2016-04-30,2016-05-07,2016-04-30,2016-10-29,Air,Business
4665116,694,694,ATL,43,LMA,"",1973,M,DL,2147483647,00150,B1,2016-04-24,2016-04-30,2016-04-24,2016-10-23,Air,Business
4665117,694,694,ATL,35,LMA,"",1981,M,DL,2147483647,00150,B1,2016-04-24,2016-05-01,2016-04-24,2016-10-23,Air,Business
4665118,694,694,ATL,27,LMA,"",1989,F,DL,2147483647,00150,B1,2016-04-24,2016-05-01,2016-04-24,2016-10-23,Air,Business
4669752,104,104,SEA,41,"","",1975,"",LH,2147483647,00490,WB,2016-04-25,2016-04-29,2016-04-25,2016-07-23,Air,Business
4682435,117,117,SEA,41,MLN,"",1975,M,DL,2147483647,00033,I,2016-04-25,2016-05-05,2016-04-25,"",Air,Business
4689112,126,214,ANC,50,"","",1966,M,*GA,884416685,BMAG,B1,2016-04-25,"",2016-04-25,2016-10-24,Air,Business
4696826,135,135,DAL,50,"","",1966,M,AA,2147483647,02609,WB,2016-04-25,2016-04-28,2016-04-25,2016-07-23,Air,Business
2737203,245,245,ORL,40,SHG,"",1976,M,DL,2147483647,00582,B1,2016-04-15,2016-04-23,2016-04-15,2016-10-14,Air,Business
4721688,209,209,SEA,60,"","",1956,M,NH,2147483647,00178,WB,2016-04-25,2016-04-29,2016-04-25,2016-07-23,Air,Business
4721689,209,209,SEA,25,"","",1991,M,DL,2147483647,00166,WB,2016-04-25,2016-05-16,2016-04-25,2016-07-23,Air,Business
4721691,209,209,SEA,55,"","",1961,"",NH,2147483647,00178,WB,2016-04-25,2016-04-29,2016-04-25,2016-07-23,Air,Business
4732520,245,245,ANC,35,GUZ,"",1981,M,*GA,2147483647,B8081,B1,2016-04-25,2016-05-16,2016-04-25,2016-10-24,Air,Business
4733258,245,245,LOS,39,GUZ,"",1977,F,MU,2147483647,00583,B1,2016-04-25,2016-04-30,2016-04-25,2016-10-24,Air,Business
2752504,373,373,MIA,42,"","",1974,"",DL,2147483647,00201,B1,2016-04-15,2016-04-19,2016-04-15,2016-10-14,Air,Business
4734821,245,245,ANC,34,SHG,"",1982,M,*GA,2147483647,B8081,B1,2016-04-25,2016-04-28,2016-04-25,2016-10-24,Air,Business
4734822,245,245,ANC,36,SHG,"",1980,M,*GA,2147483647,B8081,B1,2016-04-25,2016-05-16,2016-04-25,2016-10-24,Air,Business
4751539,438,438,LOS,40,"","",1976,"",QF,2147483647,00093,WB,2016-04-25,2016-05-12,2016-04-25,2016-07-23,Air,Business
4753765,464,214,ANC,36,"","",1980,M,*GA,884417585,BMAG,B1,2016-04-25,2016-04-26,2016-04-25,2016-10-24,Air,Business
2867739,691,691,MIA,30,LND,"",1986,M,AA,2147483647,01481,B1,2016-04-15,2016-04-24,2016-04-15,2016-10-14,Air,Business
2884950,111,111,SFR,32,"","",1984,M,AF,2147483647,00084,WB,2016-04-16,2016-04-22,2016-04-16,2016-07-14,Air,Business
2890912,117,117,SEA,36,"","",1980,"",DL,2147483647,00033,WB,2016-04-16,2016-04-22,2016-04-16,2016-07-14,Air,Business
2900818,131,140,SEA,45,"","",1971,M,LH,2147483647,00490,WB,2016-04-16,2016-04-22,2016-04-16,2016-07-14,Air,Business
4880579,135,135,SEA,47,LND,"",1969,M,BA,2147483647,00049,B1,2016-04-26,2016-05-26,2016-04-26,2016-10-25,Air,Business
4895087,209,209,SEA,37,"","",1979,"",NH,2147483647,00178,WB,2016-04-26,2016-04-29,2016-04-26,2016-07-24,Air,Business
4895090,209,209,SFR,69,"","",1947,"",DL,2147483647,00166,WB,2016-04-26,2016-05-13,2016-04-26,2016-07-24,Air,Business
4896324,209,209,OGG,35,TKY,"",1981,M,NH,2147483647,00178,B1,2016-04-26,2016-04-29,2016-04-26,2016-10-25,Air,Business
4896325,209,209,OGG,41,TKY,"",1975,M,DL,2147483647,00166,B1,2016-04-26,2016-05-13,2016-04-26,2016-10-25,Air,Business
4899309,213,213,SFR,45,DUB,"",1971,M,QR,2147483647,00725,B1,2016-04-26,2016-05-07,2016-04-26,2016-10-25,Air,Business
4903493,245,245,SRQ,51,"","",1965,"",DL,2147483647,00582,B1,2016-04-26,2016-05-22,2016-04-26,2016-10-25,Air,Business
4903494,245,245,TAM,49,"","",1967,"",DL,2147483647,00582,B1,2016-04-26,2016-05-22,2016-04-26,2016-10-25,Air,Business
2930931,213,213,PHO,34,MDR,"",1982,M,BA,2147483647,00049,B1,2016-04-16,2016-04-23,2016-04-16,2016-10-15,Air,Business
2938323,245,245,NYC,48,SHG,"",1968,M,DL,2147483647,00582,B1,2016-04-16,2016-04-21,2016-04-16,2016-05-15,Air,Business
2947841,263,263,PSP,41,"","",1975,"",KE,2147483647,00035,B1,2016-04-16,2016-04-30,2016-04-16,2016-10-15,Air,Business
2947842,263,263,PSP,40,"","",1976,"",KE,2147483647,00035,B1,2016-04-16,2016-04-30,2016-04-16,2016-10-15,Air,Business
2947843,263,263,PSP,39,"","",1977,"",KE,2147483647,00035,B1,2016-04-16,2016-04-30,2016-04-16,2016-10-15,Air,Business
2947844,263,263,PSP,38,"","",1978,"",KE,2147483647,00035,B1,2016-04-16,2016-04-30,2016-04-16,2016-10-15,Air,Business
2947845,263,263,PSP,32,"","",1984,"",KE,2147483647,00035,B1,2016-04-16,2016-04-30,2016-04-16,2016-10-15,Air,Business
991063,111,111,LOS,41,"","",1975,"",AA,2147483647,00954,WB,2016-04-06,2016-04-30,2016-04-06,2016-07-04,Air,Business
3095259,111,111,SEA,46,"","",1970,M,DL,2147483647,00033,WB,2016-04-17,2016-04-22,2016-04-17,2016-07-15,Air,Business
3099963,116,116,HHW,52,LND,"",1964,M,AA,812532585,87,I,2016-04-17,2016-04-26,2016-04-17,"",Air,Business
3107389,124,124,SEA,50,"","",1966,M,LH,2147483647,00490,WB,2016-04-17,2016-04-25,2016-04-17,2016-07-15,Air,Business
3107390,124,124,CHI,54,"","",1962,"",LH,2147483647,00490,WB,2016-04-17,2016-04-22,2016-04-17,2016-07-15,Air,Business
3107391,124,124,SEA,56,"","",1960,"",LH,2147483647,00490,WB,2016-04-17,2016-04-22,2016-04-17,2016-07-15,Air,Business
1030041,213,213,SEA,43,"","",1973,M,DL,692627085,33,B1,2016-04-06,2016-04-28,2016-04-06,2016-10-05,Air,Business
1032748,213,213,SDP,36,MDR,"",1980,F,BA,2147483647,00273,B1,2016-04-06,2016-05-14,2016-04-06,2016-10-05,Air,Business
3125868,135,135,SPM,42,"","",1974,"",DL,2147483647,00163,WB,2016-04-17,2016-04-24,2016-04-17,2016-07-15,Air,Business
3126041,135,135,CHI,61,"","",1955,M,BA,2147483647,00295,WB,2016-04-17,2016-04-26,2016-04-17,2016-07-15,Air,Business
3126997,135,135,SEA,50,"","",1966,"",BA,2147483647,00053,WB,2016-04-17,2016-04-23,2016-04-17,2016-07-15,Air,Business
3129056,135,245,SEA,38,"","",1978,F,DL,2147483647,00588,WB,2016-04-17,2016-04-20,2016-04-17,2016-07-15,Air,Business
1161560,111,111,SEA,32,"","",1984,M,BA,2147483647,00049,WB,2016-04-07,2016-04-23,2016-04-07,2016-07-05,Air,Business
1205373,209,209,KAN,49,"","",1967,M,NH,2147483647,00178,WB,2016-04-07,2016-04-16,2016-04-07,2016-07-05,Air,Business
1215495,245,245,SFR,53,SHG,"",1963,M,AA,2147483647,00288,B1,2016-04-07,2016-04-11,2016-04-07,2016-10-06,Air,Business
543,103,103,SEA,36,"","",1980,"",LH,2147483647,00490,WB,2016-04-01,2016-04-12,2016-04-01,2016-06-29,Air,Business
2426,107,107,OGG,41,KRK,"",1975,M,UA,2147483647,00953,B1,2016-04-01,2016-04-11,2016-04-01,2016-09-30,Air,Business
45178,135,135,SEA,51,"","",1965,"",DL,2147483647,00128,WB,2016-04-01,2016-04-16,2016-04-01,2016-06-29,Air,Business
61321,213,213,DAL,30,"","",1986,"",AA,2147483647,00079,B1,2016-04-01,2016-04-10,2016-04-01,2016-09-30,Air,Business
211817,691,691,ATL,43,BGT,"",1973,M,DL,2147483647,00980,B1,2016-04-01,2016-04-05,2016-04-01,2016-09-30,Air,Business
230065,111,111,SPM,61,"","",1955,M,DL,2147483647,00170,WB,2016-04-02,2016-04-09,2016-04-02,2016-06-30,Air,Business
261775,135,135,NYC,32,"","",1984,M,BA,2147483647,00053,WB,2016-04-02,2016-04-07,2016-04-02,2016-06-30,Air,Business
303524,268,268,SEA,46,TAI,TTE,1970,M,BR,2147483647,00026,E1,2016-04-02,2016-08-24,2016-04-02,2018-04-01,Air,Business
431689,743,135,MIA,29,LND,"",1987,M,DL,2147483647,00195,B1,2016-04-02,2016-04-09,2016-04-02,2016-05-02,Air,Business
459492,135,135,ATL,57,"","",1959,"",DL,2147483647,00031,B1,2016-04-03,2016-04-04,2016-04-03,2016-10-02,Air,Business
459493,135,135,ATL,42,"","",1974,"",DL,2147483647,00029,WB,2016-04-03,2016-04-10,2016-04-03,2016-07-01,Air,Business
1393936,209,209,ATL,59,"","",1957,M,BA,2147483647,00227,WB,2016-04-08,2016-04-12,2016-04-08,2016-07-06,Air,Business
1406340,245,245,DET,34,"","",1982,"",DL,2147483647,00582,B1,2016-04-08,2016-04-30,2016-04-08,2016-10-07,Air,Business
1407038,245,245,ANC,42,BEJ,"",1974,M,*GA,732716585,B1999,B1,2016-04-08,2016-04-11,2016-04-08,2016-10-04,Air,Business
1407039,245,245,ANC,41,BEJ,"",1975,M,*GA,732840285,B1999,B1,2016-04-08,2016-04-11,2016-04-08,2016-10-07,Air,Business
1407040,245,245,ANC,26,BEJ,"",1990,M,*GA,732945785,B1999,B1,2016-04-08,2016-04-11,2016-04-08,2016-10-04,Air,Business
1407041,245,245,ANC,44,BEJ,"",1972,M,*GA,734205185,B1999,B1,2016-04-08,2016-04-27,2016-04-08,2016-10-07,Air,Business
1407042,245,245,ANC,38,BEJ,"",1978,M,*GA,734317085,B1999,B1,2016-04-08,2016-04-27,2016-04-08,2016-10-07,Air,Business
1407043,245,245,ANC,36,BEJ,"",1980,M,*GA,732720185,B1999,B1,2016-04-08,2016-04-27,2016-04-08,2016-10-07,Air,Business
1421969,268,268,ORL,31,"","",1985,"",KE,2147483647,00019,WB,2016-04-08,2016-06-15,2016-04-08,2016-07-06,Air,Business
1429960,438,438,SFR,41,SYD,"",1975,M,QF,2147483647,00073,I,2016-04-08,2016-04-25,2016-04-08,"",Air,Business
1628576,245,245,ANC,32,CHE,"",1984,M,*GA,2147483647,B3142,B1,2016-04-09,2016-04-10,2016-04-09,2016-10-08,Air,Business
1628577,245,245,ANC,27,CHE,"",1989,M,*GA,2147483647,B3142,B1,2016-04-09,2016-04-10,2016-04-09,2016-10-08,Air,Business
1628578,245,245,ANC,26,CHE,"",1990,M,*GA,2147483647,B3142,B1,2016-04-09,2016-04-10,2016-04-09,2016-10-08,Air,Business
1628579,245,245,ANC,23,CHE,"",1993,M,*GA,2147483647,B3142,B1,2016-04-09,2016-04-10,2016-04-09,2016-10-08,Air,Business
1628580,245,245,ANC,26,CHE,"",1990,M,*GA,2147483647,B3142,B1,2016-04-09,2016-04-10,2016-04-09,2016-09-03,Air,Business
1628790,245,245,ANC,33,GUZ,"",1983,M,*GA,2147483647,B3142,B1,2016-04-09,2016-04-10,2016-04-09,2016-10-08,Air,Business
1628791,245,245,ANC,32,GUZ,"",1984,M,*GA,2147483647,B3142,B1,2016-04-09,2016-04-10,2016-04-09,2016-10-08,Air,Business
1795836,124,124,SEA,52,"","",1964,M,FI,2147483647,00681,WB,2016-04-10,2016-04-15,2016-04-10,2016-07-08,Air,Business
1795837,124,124,SEA,41,"","",1975,"",FI,2147483647,00681,WB,2016-04-10,2016-04-11,2016-04-10,2016-07-08,Air,Business
4907960,245,245,DAL,22,GUZ,"",1994,F,DL,2147483647,00588,B1,2016-04-26,2016-04-30,2016-04-26,2016-10-25,Air,Business
4907980,245,245,BOS,34,GUZ,"",1982,M,DL,2147483647,00588,B1,2016-04-26,2016-05-05,2016-04-26,2016-10-25,Air,Business
4909829,245,245,SEA,31,SHG,"",1985,F,DL,2147483647,00588,B1,2016-04-26,2016-05-02,2016-04-26,2016-10-25,Air,Business
4909833,245,245,SEA,17,SHG,"",1999,M,DL,2147483647,00588,B1,2016-04-26,2016-05-02,2016-04-26,2016-10-25,Air,Business
4909841,245,245,SEA,15,SHG,"",2001,F,DL,2147483647,00588,B1,2016-04-26,2016-05-02,2016-04-26,2016-10-25,Air,Business
4925739,464,464,LOS,41,ACK,"",1975,M,NZ,890230085,2,B1,2016-04-26,2016-05-03,2016-04-26,2016-10-25,Air,Business
5012684,103,103,FTL,54,"","",1962,"",NK,2147483647,00946,WB,2016-04-27,2016-04-29,2016-04-27,2016-07-25,Air,Business
5012685,103,103,FTL,24,"","",1992,"",NK,2147483647,00946,WB,2016-04-27,2016-04-29,2016-04-27,2016-07-25,Air,Business
5013154,104,104,NEW,50,"","",1966,M,UA,2147483647,00998,WB,2016-04-27,2016-06-12,2016-04-27,2016-07-25,Air,Business
5013155,104,104,NEW,26,"","",1990,F,UA,2147483647,00998,WB,2016-04-27,2016-06-12,2016-04-27,2016-07-25,Air,Business
5061994,209,209,LOS,39,"","",1977,"",AA,2147483647,00026,WB,2016-04-27,2016-05-03,2016-04-27,2016-07-25,Air,Business
5065221,209,209,ANC,47,TKY,"",1969,M,KZ,2147483647,0132B,E2,2016-04-27,2016-06-21,2016-04-27,2018-01-19,Air,Business
5071617,213,213,NEW,36,NWD,"",1980,M,UA,2147483647,00083,B1,2016-04-27,2016-04-29,2016-04-27,2016-10-26,Air,Business
5078569,245,245,SEA,16,SHG,"",2000,M,DL,2147483647,00588,B1,2016-04-27,2016-05-01,2016-04-27,2016-10-26,Air,Business
5208863,111,111,SEA,32,PRS,"",1984,M,DE,2147483647,02032,E2,2016-04-28,"",2016-04-28,2017-11-14,Air,Business
5240188,135,135,SEA,63,"","",1953,M,BA,2147483647,00049,WB,2016-04-28,2016-04-30,2016-04-28,2016-07-26,Air,Business
5276699,245,245,ANC,38,CHE,"",1978,M,*GA,2147483647,N577J,B1,2016-04-28,2016-05-05,2016-04-28,2016-10-27,Air,Business
5277065,245,245,ANC,38,GUZ,"",1978,M,*GA,2147483647,N577J,B1,2016-04-28,2016-05-05,2016-04-28,2016-10-27,Air,Business
5294541,438,438,ANC,64,"","",1952,M,*GA,896698085,JA888,B1,2016-04-28,"",2016-04-28,2016-10-27,Air,Business
5297431,438,438,ANC,57,SYD,"",1959,M,*GA,2147483647,JA888,B1,2016-04-28,2016-05-04,2016-04-28,2016-10-27,Air,Business
5302415,516,516,HOU,64,PTS,"",1952,M,UA,2147483647,01459,B1,2016-04-28,2016-05-03,2016-04-28,2016-10-27,Air,Business
3140538,207,207,HOU,48,"","",1968,F,UA,2147483647,00896,WB,2016-04-17,2016-04-28,2016-04-17,2016-07-15,Air,Business
3156101,213,213,SEA,51,NWD,"",1965,M,BA,2147483647,00053,B1,2016-04-17,2016-04-21,2016-04-17,2016-05-17,Air,Business
3163814,245,245,LVG,38,SHG,"",1978,M,*GA,2147483647,B8322,B1,2016-04-17,2016-04-26,2016-04-17,2016-10-16,Air,Business
3163815,245,245,LVG,29,SHG,"",1987,M,*GA,2147483647,B8322,B1,2016-04-17,2016-04-26,2016-04-17,2016-10-16,Air,Business
3174097,255,255,DEN,47,"","",1969,M,BA,2147483647,00219,B1,2016-04-16,2016-04-22,2016-04-17,2016-10-15,Air,Business
3186178,438,438,LOS,54,MLB,"",1962,M,CX,2147483647,00898,E2,2016-04-17,"",2016-04-17,2018-04-16,Air,Business
3304441,111,111,CLT,37,"","",1979,M,AA,2147483647,00787,WB,2016-04-18,2016-04-21,2016-04-18,2016-07-16,Air,Business
3318008,117,117,SEA,45,"","",1971,M,BA,2147483647,00053,WB,2016-04-18,2016-04-22,2016-04-18,2016-07-16,Air,Business
3321597,124,124,BOS,32,"","",1984,"",BA,2147483647,00213,WB,2016-04-18,2016-04-27,2016-04-18,2016-07-16,Air,Business
3329195,135,111,SPM,51,"","",1965,F,DL,2147483647,00170,WB,2016-04-18,"",2016-04-18,2016-07-16,Air,Business
3335452,135,135,NYC,44,"","",1972,"",BA,2147483647,00269,WB,2016-04-18,2016-04-21,2016-04-18,2016-07-16,Air,Business
3338989,135,135,SEA,29,"","",1987,M,LH,2147483647,00490,WB,2016-04-18,2016-04-29,2016-04-18,2016-07-16,Air,Business
3359428,213,213,LOS,31,"","",1985,M,BA,2147483647,00269,B1,2016-04-17,2016-05-04,2016-04-18,2016-10-16,Air,Business
3382918,339,339,HOU,51,TRT,"",1965,M,QX,2147483647,02055,B1,2016-04-18,2016-04-21,2016-04-18,2016-08-21,Air,Business
3389326,464,464,FTL,45,"","",1971,"",NZ,2147483647,00006,WB,2016-04-18,2016-05-21,2016-04-18,2016-07-16,Air,Business
3484659,104,104,SEA,28,"","",1988,M,FI,831846785,681,B1,2016-04-19,"",2016-04-19,2016-11-30,Air,Business
3484660,104,104,SEA,24,"","",1992,F,FI,831845885,681,B1,2016-04-19,"",2016-04-19,2016-11-30,Air,Business
3496842,123,123,ATL,49,"","",1967,"",KL,2147483647,00621,WB,2016-04-19,2016-04-22,2016-04-19,2016-07-17,Air,Business
3526012,209,209,SEA,33,"","",1983,M,DL,2147483647,00166,WB,2016-04-19,2016-04-27,2016-04-19,2016-07-17,Air,Business
3526014,209,209,SEA,63,"","",1953,"",DL,2147483647,00166,WB,2016-04-19,2016-04-27,2016-04-19,2016-07-17,Air,Business
3537251,245,245,DET,40,SHG,"",1976,M,DL,2147483647,00582,B1,2016-04-19,2016-04-23,2016-04-19,2016-05-18,Air,Business
2312254,111,111,ATL,29,PRS,"",1987,M,AF,2147483647,00682,E1,2016-04-13,2016-05-26,2016-04-13,2018-04-12,Air,Business
2335107,135,135,ORL,50,"","",1966,"",BA,2147483647,00049,WB,2016-04-13,2016-04-14,2016-04-13,2016-07-11,Air,Business
2338589,141,141,FTL,28,"","",1988,M,DL,2147483647,00143,WB,2016-04-13,2016-04-23,2016-04-13,2016-07-11,Air,Business
2344807,209,209,ANC,49,"","",1967,M,KZ,2147483647,0160B,WB,2016-04-13,2016-04-14,2016-04-13,2016-07-11,Air,Business
2475684,694,694,ATL,32,"","",1984,"",DL,2147483647,00150,B1,2016-04-13,2016-04-19,2016-04-13,2016-10-12,Air,Business
2475865,694,694,ATL,65,LMA,"",1951,F,DL,2147483647,00150,B1,2016-04-13,2016-04-19,2016-04-13,2016-10-12,Air,Business
2521379,140,140,PHO,43,PRG,"",1973,M,DL,2147483647,00143,B1,2016-04-14,2016-05-19,2016-04-14,2016-10-13,Air,Business
2651210,689,689,ATL,67,"","",1949,"",DL,2147483647,00104,B1,2016-04-14,2016-04-22,2016-04-14,2016-10-13,Air,Business
3636546,687,687,SFR,44,BNS,"",1972,M,QX,2147483647,02227,B1,2016-04-19,2016-04-21,2016-04-19,2016-10-13,Air,Business
3650485,104,104,ATL,31,"","",1985,M,UA,2147483647,00998,WB,2016-04-20,2016-04-25,2016-04-20,2016-07-18,Air,Business
3669729,129,129,ATL,42,"","",1974,"",AF,2147483647,00682,WB,2016-04-20,2016-04-24,2016-04-20,2016-07-18,Air,Business
3695989,209,209,SEA,37,"","",1979,"",NH,2147483647,00178,WB,2016-04-20,2016-05-06,2016-04-20,2016-07-18,Air,Business
3696609,209,209,ANC,62,TKY,"",1954,M,KZ,2147483647,0160B,E2,2016-04-20,2016-05-21,2016-04-20,2018-04-19,Air,Business
3717700,268,268,SEA,53,"","",1963,M,BR,2147483647,00026,WB,2016-04-20,2016-04-30,2016-04-20,2016-07-18,Air,Business
3717701,268,268,SEA,23,"","",1993,F,BR,2147483647,00026,WB,2016-04-20,2016-04-30,2016-04-20,2016-07-18,Air,Business
3717702,268,268,SEA,23,"","",1993,F,BR,2147483647,00026,WB,2016-04-20,2016-04-30,2016-04-20,2016-07-18,Air,Business
2200396,245,245,PHU,45,SHG,"",1971,M,"",2147483647,B3028,B1,2016-04-12,2016-04-14,2016-04-12,2016-06-18,Land,Business
