city,state_code,median_age,male_population,female_population,total_population,number_of_veterans,foreign_born,average_household_size
SILVER SPRING,MD,33.8,40601.0,41862.0,82463,1562.0,30908.0,2.6
QUINCY,MA,41.0,44129.0,49500.0,93629,4147.0,32935.0,2.39
HOOVER,AL,38.5,38040.0,46799.0,84839,4819.0,8229.0,2.58
RANCHO CUCAMONGA,CA,34.5,88127.0,87105.0,175232,5821.0,33878.0,3.18
NEWARK,NJ,34.6,138040.0,143873.0,281913,5829.0,86253.0,2.73
PEORIA,IL,33.1,56229.0,62432.0,118661,6634.0,7517.0,2.4
AVONDALE,AZ,29.1,38712.0,41971.0,80683,4815.0,8355.0,3.18
WEST COVINA,CA,39.8,51629.0,56860.0,108489,3800.0,37038.0,3.56
O'FALLON,MO,36.0,41762.0,43270.0,85032,5783.0,3269.0,2.77
HIGH POINT,NC,35.5,51751.0,58077.0,109828,5204.0,16315.0,2.65
FOLSOM,CA,40.9,41051.0,35317.0,76368,4187.0,13234.0,2.62
PHILADELPHIA,PA,34.1,741270.0,826172.0,1567442,61995.0,205339.0,2.61
WICHITA,KS,34.6,192354.0,197601.0,389955,23978.0,40270.0,2.56
FORT MYERS,FL,37.3,36850.0,37165.0,74015,4312.0,15365.0,2.45
PITTSBURGH,PA,32.9,149690.0,154695.0,304385,17728.0,28187.0,2.13
LAREDO,TX,28.8,124305.0,131484.0,255789,4921.0,68427.0,3.66
BERKELEY,CA,32.5,60142.0,60829.0,120971,3736.0,25000.0,2.35
SANTA CLARA,CA,35.2,63278.0,62938.0,126216,4426.0,52281.0,2.75
ALLEN,PA,33.5,60626.0,59581.0,120207,5691.0,19652.0,2.67
HAMPTON,VA,35.5,66214.0,70240.0,136454,19638.0,6204.0,2.48
BOLINGBROOK,IL,33.7,36295.0,35801.0,72096,2951.0,15212.0,3.42
FREDERICK,MD,36.1,33146.0,36336.0,69482,3870.0,14211.0,2.48
SPARKS,NV,36.1,47780.0,48318.0,96098,7315.0,15690.0,2.63
RANCHO CORDOVA,CA,33.8,34844.0,36182.0,71026,4590.0,17020.0,2.86
WESTMINSTER,CO,37.8,54866.0,58251.0,113117,6512.0,11361.0,2.63
LAKEWOOD,CO,37.7,76013.0,76576.0,152589,9988.0,14169.0,2.29
FLINT,MI,35.3,48984.0,49313.0,98297,3757.0,2138.0,2.38
NEW HAVEN,CT,29.9,63765.0,66545.0,130310,2567.0,25871.0,2.48
BROOKLYN PARK,MN,35.1,37845.0,41305.0,79150,3506.0,17490.0,2.85
CHULA VISTA,CA,34.6,131485.0,134269.0,265754,12368.0,82710.0,3.32
DANBURY,CT,37.3,43435.0,41227.0,84662,3752.0,25675.0,2.74
FRAMINGHAM,MA,40.3,35442.0,35768.0,71210,2625.0,19070.0,2.49
SAINT PETERSBURG,FL,41.8,123524.0,133564.0,257088,20247.0,28567.0,2.42
MIAMI GARDENS,FL,34.9,50719.0,62480.0,113199,2327.0,33394.0,3.75
SALT LAKE CITY,UT,32.1,98364.0,94296.0,192660,6829.0,32166.0,2.38
SUFFOLK,VA,38.2,43048.0,45113.0,88161,10114.0,2829.0,2.72
NORTH LITTLE ROCK,AR,33.6,31671.0,34835.0,66506,4130.0,2787.0,2.62
JURUPA VALLEY,CA,33.8,49430.0,50884.0,100314,3833.0,25338.0,3.87
LOS ANGELES,CA,35.0,1958998.0,2012898.0,3971896,85417.0,1485425.0,2.86
FLOWER MOUND,TX,40.2,35200.0,35824.0,71024,4217.0,6860.0,3.01
VACAVILLE,CA,35.8,50091.0,46703.0,96794,9064.0,10577.0,2.9
CLARKSVILLE,TN,29.7,75029.0,74161.0,149190,20803.0,8211.0,2.64
NEW BRITAIN,CT,33.4,37350.0,35459.0,72809,2219.0,15080.0,2.52
TULSA,OK,35.0,197437.0,205654.0,403091,24672.0,43751.0,2.37
SEATTLE,WA,35.5,345659.0,338784.0,684443,29364.0,119840.0,2.13
MESA,AZ,36.9,234998.0,236835.0,471833,31808.0,57492.0,2.68
YONKERS,NY,38.0,96580.0,104538.0,201118,4801.0,61247.0,2.8
CAMDEN,NJ,27.9,36437.0,39694.0,76131,1425.0,11317.0,3.0
ALEXANDRIA,VA,36.6,74989.0,78522.0,153511,10635.0,44030.0,2.2
JONESBORO,AR,32.6,35666.0,38240.0,73906,3682.0,3222.0,2.44
EL MONTE,CA,37.3,57961.0,58784.0,116745,1686.0,59655.0,3.67
ROSWELL,GA,38.8,48637.0,45859.0,94496,3325.0,16501.0,2.7
OMAHA,NE,34.2,218789.0,225098.0,443887,24503.0,48263.0,2.47
TROY,MI,43.3,42371.0,40905.0,83276,2975.0,21004.0,2.59
WINSTON-SALEM,NC,34.7,112520.0,128712.0,241232,14521.0,24302.0,2.47
CORPUS CHRISTI,TX,35.0,160488.0,163594.0,324082,25078.0,30834.0,2.69
ATLANTA,GA,33.8,223960.0,239915.0,463875,18572.0,32016.0,2.15
BRYAN,TX,29.4,41761.0,40345.0,82106,3602.0,12014.0,2.55
LYNCHBURG,VA,28.7,38614.0,41198.0,79812,4322.0,4364.0,2.48
COLUMBIA,MD,37.9,52202.0,51265.0,103467,6526.0,23249.0,2.68
KILLEEN,TX,29.2,69442.0,71367.0,140809,24281.0,15769.0,2.72
NASHVILLE,TN,34.1,314231.0,340365.0,654596,27942.0,88193.0,2.39
SOMERVILLE,MA,31.0,41028.0,39306.0,80334,2103.0,22292.0,2.43
BAKERSFIELD,CA,30.6,182154.0,191473.0,373627,12284.0,71575.0,3.23
MONTGOMERY,AL,35.4,94582.0,106004.0,200586,14955.0,9337.0,2.41
HUNTSVILLE,AL,38.1,91764.0,97350.0,189114,16637.0,12691.0,2.18
GREENSBORO,NC,35.5,132251.0,153093.0,285344,14011.0,26667.0,2.36
TURLOCK,CA,36.2,33190.0,39103.0,72293,3397.0,14686.0,2.76
LYNWOOD,CA,29.4,35634.0,36371.0,72005,776.0,28061.0,4.43
EL PASO,TX,33.1,332797.0,348339.0,681136,47693.0,159709.0,3.03
LEXINGTON-FAYETTE  COUNTY,KY,34.4,154032.0,160456.0,314488,16661.0,28613.0,2.34
ROCK HILL,SC,34.5,33324.0,38243.0,71567,4755.0,2413.0,2.29
RICHARDSON,TX,35.5,54676.0,56151.0,110827,4797.0,29579.0,2.83
WACO,TX,29.3,63452.0,68890.0,132342,10716.0,14235.0,2.57
SAN BUENAVENTURA,CA,37.7,53932.0,55785.0,109717,5980.0,18025.0,2.68
STAMFORD,CT,35.4,64941.0,63936.0,128877,2269.0,44003.0,2.7
VALLEJO,CA,37.8,58379.0,62890.0,121269,8103.0,30592.0,2.83
DENVER,CO,34.1,341137.0,341408.0,682545,29363.0,113222.0,2.33
SPRINGDALE,AR,31.8,36840.0,43614.0,80454,3397.0,19969.0,3.04
CHINO,CA,36.5,50989.0,34610.0,85599,4186.0,18666.0,3.62
TOMS RIVER,NJ,43.7,43864.0,43886.0,87750,5042.0,6852.0,2.71
LYNN,MA,34.8,44598.0,47861.0,92459,3093.0,29899.0,2.81
LAWTON,OK,31.1,51099.0,45560.0,96659,11572.0,6123.0,2.72
GARLAND,TX,34.5,116406.0,120430.0,236836,10407.0,62975.0,3.12
LAYTON,UT,29.5,37748.0,36394.0,74142,3811.0,4268.0,3.24
BLOOMINGTON,IL,35.1,37972.0,40323.0,78295,3888.0,7287.0,2.34
NEWTON,MA,42.3,41985.0,46824.0,88809,1814.0,21692.0,2.71
CLEARWATER,FL,47.0,55225.0,57754.0,112979,10631.0,17686.0,2.4
KENNER,LA,36.9,33993.0,33113.0,67106,2485.0,12352.0,2.57
LAS CRUCES,NM,32.7,47835.0,53809.0,101644,9421.0,11888.0,2.58
YAKIMA,WA,34.0,45147.0,48553.0,93700,4705.0,15717.0,2.74
DES MOINES,IA,34.5,103726.0,106591.0,210317,11780.0,23857.0,2.41
WICHITA FALLS,TX,34.0,55775.0,48934.0,104709,7800.0,9855.0,2.41
WILMINGTON,NC,35.5,52346.0,63601.0,115947,5908.0,7401.0,2.24
CRANSTON,RI,39.9,38365.0,42712.0,81077,4702.0,10631.0,2.56
AMARILLO,TX,33.8,99391.0,100260.0,199651,11008.0,21124.0,2.64
BUFFALO,NY,33.1,124537.0,133529.0,258066,11231.0,24630.0,2.27
LIVONIA,MI,47.4,45369.0,49264.0,94633,5397.0,7175.0,2.52
SAN LEANDRO,CA,41.8,43032.0,47679.0,90711,4111.0,34293.0,2.79
FRESNO,CA,30.0,256130.0,263942.0,520072,18410.0,103453.0,3.12
SAINT GEORGE,UT,37.3,38732.0,41475.0,80207,4443.0,4824.0,2.81
SAN JUAN,PR,41.4,155408.0,186829.0,342237,,,
REDLANDS,CA,36.2,33993.0,37035.0,71028,3445.0,8681.0,2.82
THOUSAND OAKS,CA,44.8,65113.0,64216.0,129329,6323.0,25330.0,2.79
RIO RANCHO,NM,38.3,47251.0,46904.0,94155,8527.0,5200.0,2.86
PROVO,UT,23.6,56231.0,59027.0,115258,2177.0,10925.0,3.28
TALLAHASSEE,FL,26.2,89390.0,100504.0,189894,9575.0,16720.0,2.38
AURORA,IL,31.7,101964.0,101751.0,203715,4988.0,50980.0,3.3
MINNEAPOLIS,MN,32.4,206547.0,204388.0,410935,15217.0,70769.0,2.26
ANAHEIM,CA,33.6,179603.0,171135.0,350738,9796.0,137133.0,3.45
SAN MARCOS,CA,35.4,45246.0,47688.0,92934,5189.0,21558.0,3.13
NORWALK,CA,35.0,53125.0,54020.0,107145,3027.0,39396.0,3.88
FORT WORTH,TX,32.6,414126.0,422843.0,836969,39182.0,143404.0,2.88
CAMBRIDGE,MA,31.5,55421.0,54981.0,110402,2495.0,27757.0,2.06
DEERFIELD BEACH,FL,41.4,37155.0,42614.0,79769,3882.0,23642.0,2.46
BEAUMONT,TX,31.6,57326.0,60784.0,118110,7584.0,10516.0,2.47
SPRING VALLEY,NV,37.0,96808.0,97147.0,193955,10644.0,61072.0,2.79
SIOUX CITY,IA,34.3,38827.0,43949.0,82776,4093.0,7471.0,2.57
ALAFAYA,FL,33.5,39504.0,45760.0,85264,4176.0,15842.0,2.94
WASHINGTON,DC,33.8,319705.0,352523.0,672228,25963.0,95117.0,2.24
GRAND PRAIRIE,TX,33.1,90811.0,96944.0,187755,7073.0,44888.0,3.18
WAUKESHA,WI,35.8,36263.0,35713.0,71976,3116.0,4982.0,2.35
MIAMI BEACH,FL,42.5,48090.0,44221.0,92311,2265.0,49908.0,2.1
NORTH LAS VEGAS,NV,32.2,116350.0,118443.0,234793,17256.0,49815.0,3.31
FORT SMITH,AR,34.9,43346.0,44849.0,88195,3408.0,13177.0,2.44
SALINAS,CA,30.4,77765.0,79621.0,157386,4020.0,58693.0,3.72
SPRINGFIELD,IL,38.8,55639.0,62170.0,117809,7525.0,4264.0,2.22
BELLINGHAM,WA,30.7,41286.0,43857.0,85143,4703.0,8713.0,2.44
GREEN BAY,WI,32.9,52517.0,52704.0,105221,5519.0,9813.0,2.37
MAPLE GROVE,MN,38.6,31780.0,36601.0,68381,2943.0,7645.0,2.64
ESCONDIDO,CA,33.3,76551.0,74907.0,151458,8110.0,46298.0,3.27
ROCKFORD,IL,36.3,71076.0,78270.0,149346,8894.0,18323.0,2.52
MEMPHIS,TN,34.1,312237.0,343523.0,655760,31189.0,43318.0,2.55
CAGUAS,PR,40.4,34743.0,42265.0,77008,,,
METAIRIE,LA,41.6,69515.0,76943.0,146458,7187.0,19871.0,2.39
TRACY,CA,35.5,43156.0,43937.0,87093,3025.0,25410.0,3.42
CHAMPAIGN,IL,28.7,43326.0,42760.0,86086,3734.0,12261.0,2.25
WEST PALM BEACH,FL,39.6,49262.0,57520.0,106782,4917.0,30675.0,2.53
BEAVERTON,OR,35.6,47325.0,49252.0,96577,4645.0,18933.0,2.46
OGDEN,UT,31.3,44323.0,41127.0,85450,5080.0,12791.0,2.68
DECATUR,IL,40.4,34646.0,38210.0,72856,5291.0,1224.0,2.23
POMPANO BEACH,FL,42.5,56569.0,51202.0,107771,5145.0,32733.0,2.55
NASHUA,NH,38.3,42926.0,45049.0,87975,5532.0,12693.0,2.46
VANCOUVER,WA,37.2,82958.0,89895.0,172853,12391.0,21748.0,2.49
FARGO,ND,30.7,60560.0,58690.0,119250,6154.0,9428.0,2.18
EL CAJON,CA,32.7,54450.0,49238.0,103688,7103.0,31865.0,3.14
LANCASTER,CA,30.9,80668.0,80445.0,161113,7892.0,17247.0,3.25
WILMINGTON,DE,36.4,32680.0,39277.0,71957,3063.0,3336.0,2.45
MIRAMAR,FL,36.6,66157.0,70958.0,137115,3077.0,57179.0,3.41
RIVERVIEW,FL,32.2,44210.0,45536.0,89746,6943.0,12240.0,3.22
ARLINGTON HEIGHTS,IL,45.9,37627.0,39369.0,76996,3027.0,14630.0,2.38
LORAIN,OH,35.6,30844.0,32807.0,63651,4905.0,1531.0,2.52
MESQUITE,TX,34.6,69240.0,75884.0,145124,6438.0,26755.0,2.96
APPLETON,WI,35.6,37217.0,38038.0,75255,4219.0,4454.0,2.49
JOHNS CREEK,GA,39.0,40282.0,43057.0,83339,1983.0,29000.0,3.19
NAMPA,ID,31.4,45651.0,44199.0,89850,4736.0,6607.0,2.98
STERLING HEIGHTS,MI,39.6,64985.0,67077.0,132062,6970.0,34313.0,2.66
TACOMA,WA,37.7,100914.0,107036.0,207950,19040.0,31863.0,2.48
MANCHESTER,NH,37.3,54845.0,55378.0,110223,5473.0,14506.0,2.4
OVERLAND PARK,KS,38.2,93355.0,93156.0,186511,10461.0,21407.0,2.41
CICERO,IL,28.5,43153.0,40714.0,83867,629.0,33801.0,3.89
WESTON,FL,38.6,32956.0,36991.0,69947,1507.0,30876.0,3.34
MERIDIAN,ID,38.0,43353.0,47400.0,90753,5640.0,8110.0,2.54
TRENTON,NJ,33.3,42581.0,41650.0,84231,2604.0,20428.0,3.04
TEMECULA,CA,34.2,54407.0,57619.0,112026,7587.0,18884.0,3.34
SAINT CHARLES,MO,34.9,32054.0,36747.0,68801,4371.0,5274.0,2.33
ANTIOCH,CA,34.0,54733.0,55809.0,110542,5681.0,24942.0,3.31
EUGENE,OR,33.4,79071.0,84377.0,163448,8896.0,14503.0,2.34
EDINBURG,TX,29.3,39422.0,45079.0,84501,2409.0,16569.0,3.31
HUNTINGTON BEACH,CA,41.6,99967.0,101960.0,201927,10454.0,35368.0,2.67
TORRANCE,CA,41.2,73209.0,75259.0,148468,8459.0,43096.0,2.7
SOUTH BEND,IN,32.4,50483.0,53274.0,103757,3708.0,8779.0,2.72
BETHLEHEM,PA,35.1,35861.0,38506.0,74367,4704.0,6295.0,2.46
LAKEWOOD,CA,39.9,41523.0,40069.0,81592,4094.0,18274.0,3.13
BIRMINGHAM,AL,35.6,102122.0,112789.0,214911,13212.0,8258.0,2.21
HAWTHORNE,CA,33.7,43682.0,44762.0,88444,2123.0,32107.0,2.97
BOCA RATON,FL,47.3,44760.0,48466.0,93226,4367.0,21117.0,2.22
VISTA,CA,29.3,50680.0,50204.0,100884,4957.0,23271.0,3.52
BROCKTON,MA,35.2,46273.0,49041.0,95314,3036.0,27313.0,2.88
NEW ROCHELLE,NY,40.6,38871.0,40967.0,79838,2780.0,26960.0,2.85
DEARBORN,MI,33.5,46482.0,48698.0,95180,3163.0,23920.0,3.04
CHARLESTON,SC,35.0,63956.0,71568.0,135524,9368.0,5767.0,2.4
ELIZABETH,NJ,34.2,65896.0,63116.0,129012,1131.0,63413.0,3.18
SYRACUSE,NY,30.3,69462.0,74690.0,144152,5845.0,17733.0,2.39
REDDING,CA,38.8,42530.0,49049.0,91579,6926.0,5181.0,2.42
SCOTTSDALE,AZ,46.9,115712.0,121132.0,236844,16798.0,27207.0,2.17
GLENDALE,AZ,34.4,116795.0,123319.0,240114,13241.0,44133.0,2.89
FISHERS,IN,34.5,42161.0,43910.0,86071,2469.0,6138.0,2.8
WALDORF,MD,33.6,35640.0,39872.0,75512,6932.0,5954.0,2.69
LAS VEGAS,NV,37.5,310568.0,313201.0,623769,42397.0,127609.0,2.79
VICTORIA,TX,35.8,32290.0,35291.0,67581,5000.0,4480.0,2.7
ANCHORAGE,AK,32.2,152945.0,145750.0,298695,27492.0,33258.0,2.77
SAN DIEGO,CA,34.5,693826.0,701081.0,1394907,92489.0,373842.0,2.73
DAYTON,OH,32.8,66631.0,73966.0,140597,8465.0,7381.0,2.26
GLENDALE,CA,42.1,98181.0,102844.0,201025,4448.0,111510.0,2.69
AUBURN,WA,37.1,36837.0,39743.0,76580,5401.0,14842.0,2.73
PEORIA,AZ,36.9,80139.0,91103.0,171242,13019.0,14260.0,2.97
CHARLOTTE,NC,34.3,396646.0,430475.0,827121,36046.0,128897.0,2.52
GULFPORT,MS,35.1,33108.0,38764.0,71872,6646.0,3072.0,2.54
ABILENE,TX,31.3,65212.0,60664.0,125876,9367.0,8129.0,2.64
CENTREVILLE,VA,36.0,34749.0,37033.0,71782,3779.0,27797.0,2.97
PLEASANTON,CA,41.3,36662.0,42857.0,79519,2424.0,23208.0,2.87
WESTMINSTER,CA,42.9,45538.0,46573.0,92111,3435.0,42227.0,3.27
WATERBURY,CT,36.2,52235.0,56572.0,108807,3493.0,19967.0,2.71
DAVIE,FL,40.8,48754.0,52140.0,100894,4655.0,26532.0,2.72
HOUSTON,TX,32.6,1149686.0,1148942.0,2298628,71898.0,696210.0,2.66
CONCORD,CA,39.6,62310.0,66358.0,128668,6287.0,37428.0,2.72
EAGAN,MN,36.8,31587.0,34701.0,66288,2699.0,8642.0,2.49
DULUTH,MN,34.7,41271.0,44855.0,86126,5015.0,2258.0,2.25
CAROLINA,PR,42.0,64758.0,77308.0,142066,,,
ELLICOTT CITY,MD,42.4,34406.0,36526.0,70932,3856.0,17587.0,2.73
PORT SAINT LUCIE,FL,42.1,84069.0,95341.0,179410,12416.0,34003.0,2.91
GREELEY,CO,31.0,50792.0,50091.0,100883,4294.0,11480.0,2.75
AMES,IA,23.0,33814.0,31238.0,65052,2265.0,8606.0,2.16
WEST JORDAN,UT,30.8,57898.0,54044.0,111942,3577.0,11492.0,3.46
CHICO,CA,29.9,46168.0,44168.0,90336,4519.0,8425.0,2.5
CHINO HILLS,CA,41.9,39639.0,38674.0,78313,3358.0,24764.0,3.05
NEW BEDFORD,MA,38.6,43793.0,51166.0,94959,4185.0,19024.0,2.39
SAN BERNARDINO,CA,28.5,108671.0,107466.0,216137,7741.0,55135.0,3.55
LONGMONT,CO,36.8,43941.0,48280.0,92221,4925.0,10424.0,2.63
LINCOLN,NE,32.3,138544.0,138802.0,277346,14694.0,22958.0,2.4
PASCO,WA,28.6,35298.0,32799.0,68097,2052.0,16265.0,3.45
CINCINNATI,OH,32.7,143654.0,154883.0,298537,13699.0,16896.0,2.08
NEW BRAUNFELS,TX,37.0,33071.0,36852.0,69923,5204.0,5405.0,2.85
UNION CITY,NJ,35.4,35376.0,33773.0,69149,705.0,40553.0,2.85
FONTANA,CA,29.5,100644.0,106828.0,207472,4076.0,61448.0,4.15
MILWAUKEE,WI,31.6,286315.0,313839.0,600154,20615.0,58321.0,2.51
RACINE,WI,33.7,39314.0,38423.0,77737,4650.0,4403.0,2.56
SANTA MARIA,CA,30.1,53320.0,51762.0,105082,2876.0,39192.0,3.83
MARYSVILLE,WA,33.2,33436.0,33337.0,66773,5714.0,7721.0,2.79
INGLEWOOD,CA,34.9,52995.0,58661.0,111656,2703.0,34171.0,3.12
CEDAR RAPIDS,IA,36.2,63109.0,67296.0,130405,7823.0,5404.0,2.32
GERMAN,MD,34.9,41115.0,43007.0,84122,2443.0,27877.0,2.95
HIGHLANDS RANCH,CO,39.6,49186.0,53281.0,102467,4840.0,8827.0,2.72
TUSTIN,CA,33.4,39511.0,41052.0,80563,2434.0,25034.0,3.27
KENT,WA,33.4,61825.0,65137.0,126962,7985.0,38175.0,3.06
URBAN HONOLULU,HI,41.4,176807.0,175959.0,352766,23213.0,101312.0,2.69
RICHMOND,CA,35.3,52615.0,57100.0,109715,3611.0,42215.0,2.87
DELTONA,FL,39.9,44853.0,43621.0,88474,5664.0,7098.0,2.89
KISSIMMEE,FL,36.7,33283.0,35869.0,69152,2449.0,16879.0,3.01
SPRINGFIELD,MA,31.8,74744.0,79592.0,154336,5723.0,16226.0,2.81
SAN MATEO,CA,39.3,50966.0,52558.0,103524,2730.0,34957.0,2.64
FALL RIVER,MA,39.3,43314.0,45456.0,88770,4143.0,14775.0,2.21
CARMICHAEL,CA,41.0,29281.0,33934.0,63215,4225.0,7378.0,2.39
LAUDERHILL,FL,35.7,32813.0,38761.0,71574,1965.0,25471.0,3.02
WORCESTER,MA,34.9,90951.0,93855.0,184806,9408.0,36907.0,2.43
PROVIDENCE,RI,29.9,89090.0,90114.0,179204,4933.0,53532.0,2.72
FAYETTEVILLE,AR,27.1,41959.0,40873.0,82832,4744.0,6313.0,2.28
SANTA ROSA,CA,37.9,86840.0,88149.0,174989,9101.0,33015.0,2.7
UNION CITY,CA,38.5,38599.0,35911.0,74510,1440.0,32752.0,3.46
LAKELAND,FL,38.1,47840.0,56570.0,104410,7390.0,11592.0,2.56
BOULDER,CO,29.0,56342.0,51000.0,107342,4061.0,12993.0,2.24
RICHMOND,VA,33.6,104793.0,115496.0,220289,12538.0,15741.0,2.29
BAYONNE,NJ,39.7,32705.0,33598.0,66303,2225.0,21899.0,2.62
SANTA BARBARA,CA,37.8,45068.0,46784.0,91852,4518.0,19441.0,2.51
YUBA CITY,CA,34.5,33654.0,33290.0,66944,4706.0,18032.0,2.9
PALO ALTO,CA,40.2,31451.0,35397.0,66848,2025.0,23348.0,2.55
PUEBLO,CO,37.6,55635.0,53784.0,109419,7989.0,3578.0,2.44
THE VILLAGES,FL,70.5,,,72590,15231.0,4034.0,
FORT WAYNE,IN,34.7,124815.0,133329.0,258144,13539.0,19146.0,2.45
SANTA ANA,CA,30.8,167503.0,167920.0,335423,4735.0,152999.0,4.58
BISMARCK,ND,38.0,34675.0,35565.0,70240,4145.0,2064.0,2.11
PHOENIX,AZ,33.8,786833.0,776168.0,1563001,72388.0,300702.0,2.89
DALY CITY,CA,39.7,53817.0,52757.0,106574,3782.0,56640.0,3.26
SOUTH SAN FRANCISCO,CA,39.4,34177.0,33094.0,67271,1839.0,27528.0,3.33
BLOOMINGTON,IN,23.5,40588.0,43227.0,83815,2368.0,10033.0,2.33
INDEPENDENCE,MO,38.6,54348.0,62907.0,117255,10220.0,4911.0,2.33
KENNEWICK,WA,32.0,38492.0,40411.0,78903,5158.0,8376.0,2.78
FLAGSTAFF,AZ,23.9,33224.0,37093.0,70317,3667.0,4262.0,2.55
BRANDON,FL,36.1,55679.0,58289.0,113968,9417.0,16390.0,2.64
KANSAS CITY,KS,33.4,74606.0,76655.0,151261,8139.0,25507.0,2.71
WAUKEGAN,IL,32.3,45514.0,42833.0,88347,3404.0,30997.0,2.92
FORT COLLINS,CO,29.6,80893.0,80288.0,161181,8425.0,9704.0,2.45
JACKSONVILLE,NC,24.2,40015.0,27348.0,67363,8252.0,3732.0,2.51
CARY,NC,39.9,78932.0,81582.0,160514,7426.0,30008.0,2.61
SAINT JOSEPH,MO,35.7,37688.0,38408.0,76096,5846.0,3755.0,2.58
MELBOURNE,FL,43.4,39180.0,40956.0,80136,8363.0,9685.0,2.37
PALM BAY,FL,40.7,51767.0,56128.0,107895,10942.0,12070.0,2.82
PLANTATION,FL,40.6,42881.0,49674.0,92555,4037.0,27902.0,2.73
OLATHE,KS,33.0,65046.0,69270.0,134316,6042.0,11913.0,2.97
SIOUX FALLS,SD,34.6,86596.0,84934.0,171530,8658.0,12934.0,2.38
PORTSMOUTH,VA,33.6,45900.0,50301.0,96201,10261.0,1815.0,2.54
KANSAS CITY,MO,35.9,228430.0,246931.0,475361,24710.0,37787.0,2.35
JACKSON,TN,35.3,30007.0,36973.0,66980,3529.0,2097.0,2.52
SPOKANE,WA,36.6,102756.0,110511.0,213267,18044.0,13253.0,2.34
COLORADO SPRINGS,CO,34.8,225544.0,231018.0,456562,49291.0,35320.0,2.48
MCKINNEY,TX,35.6,77339.0,85548.0,162887,8082.0,25760.0,2.91
HENDERSON,NV,42.5,139412.0,146246.0,285658,25045.0,35666.0,2.55
NORFOLK,VA,30.2,128917.0,117476.0,246393,29445.0,16702.0,2.51
ARVADA,CO,41.0,54870.0,60165.0,115035,8930.0,4921.0,2.49
HOLLYWOOD,FL,41.4,75358.0,74363.0,149721,6056.0,55158.0,2.65
CHESAPEAKE,VA,36.7,114964.0,120465.0,235429,29772.0,13966.0,2.73
COLUMBUS,OH,32.5,413981.0,435086.0,849067,40238.0,101129.0,2.4
SPRING HILL,FL,45.1,48295.0,54902.0,103197,9737.0,7893.0,2.58
KENOSHA,WI,36.3,49349.0,50507.0,99856,6238.0,7443.0,2.55
KENDALL,FL,40.2,36658.0,39808.0,76466,1678.0,31180.0,2.81
REDONDO BEACH,CA,43.0,34855.0,33330.0,68185,3014.0,13536.0,2.34
WALNUT CREEK,CA,47.6,31994.0,36912.0,68906,4977.0,13624.0,2.22
MISSION,TX,32.9,40530.0,42777.0,83307,2383.0,22608.0,3.51
MCALLEN,TX,32.3,68332.0,71921.0,140253,4356.0,37691.0,3.19
CHEEKTOWAGA,NY,40.7,37476.0,38599.0,76075,5408.0,3532.0,2.3
OCEANSIDE,CA,39.4,87482.0,88232.0,175714,18051.0,37492.0,2.72
ORLANDO,FL,33.1,130940.0,139977.0,270917,12782.0,50558.0,2.42
PARMA,OH,40.8,38425.0,41518.0,79943,5028.0,6909.0,2.42
HARLINGEN,TX,30.1,32404.0,33365.0,65769,2761.0,10391.0,3.0
PEMBROKE PINES,FL,40.3,77050.0,89574.0,166624,6849.0,62210.0,2.94
ALHAMBRA,CA,41.0,42184.0,43388.0,85572,1673.0,44441.0,2.89
BRENTWOOD,NY,34.2,31395.0,32397.0,63792,1492.0,27058.0,4.98
RIVERSIDE,CA,31.4,160613.0,161810.0,322423,12373.0,69584.0,3.34
MENIFEE,CA,37.1,42866.0,44297.0,87163,6821.0,12481.0,3.06
KALAMAZOO,MI,26.4,37175.0,38865.0,76040,3048.0,3482.0,2.36
CARSON,CA,40.4,43790.0,49506.0,93296,4273.0,33860.0,3.7
ANN ARBOR,MI,28.1,58789.0,58281.0,117070,3614.0,20717.0,2.17
FARMINGTON HILLS,MI,42.1,37527.0,43805.0,81332,3650.0,18033.0,2.41
MISSOURI CITY,TX,37.2,34932.0,36846.0,71778,4274.0,18556.0,3.03
ORANGE,CA,35.0,67337.0,73658.0,140995,3993.0,34550.0,3.14
EVERETT,WA,37.0,56212.0,51800.0,108012,7880.0,19499.0,2.36
CITRUS HEIGHTS,CA,37.8,41982.0,45071.0,87053,6171.0,9466.0,2.49
GAINESVILLE,FL,26.0,60803.0,69330.0,130133,4788.0,15272.0,2.33
MILPITAS,CA,36.8,40098.0,37519.0,77617,1608.0,39436.0,3.32
TAMPA,FL,35.3,175517.0,193511.0,369028,20636.0,58795.0,2.47
SANTA MONICA,CA,40.6,46732.0,46487.0,93219,2008.0,24448.0,2.0
EAU CLAIRE,WI,32.0,32327.0,35106.0,67433,3261.0,2833.0,2.4
ENTERPRISE,NV,34.1,69146.0,66328.0,135474,7526.0,31173.0,2.89
SHAWNEE,KS,40.1,32313.0,32745.0,65058,3575.0,4136.0,2.64
NORTH CHARLESTON,SC,30.7,56549.0,55315.0,111864,9651.0,8789.0,2.82
BOYNTON BEACH,FL,45.8,33701.0,40271.0,73972,4727.0,15431.0,2.45
TEMPLE,TX,33.6,33512.0,38785.0,72297,7333.0,3968.0,2.59
ROCKVILLE,MD,38.1,31205.0,35793.0,66998,1990.0,25047.0,2.6
CAPE CORAL,FL,45.0,85626.0,89604.0,175230,14446.0,24185.0,2.85
MANTECA,CA,35.3,37053.0,38397.0,75450,3936.0,13942.0,3.25
LITTLE ROCK,AR,36.6,96997.0,100989.0,197986,12343.0,16640.0,2.36
OXNARD,CA,31.0,101906.0,105346.0,207252,6367.0,78678.0,4.08
BK,CA,37.0,50405.0,54909.0,105314,4048.0,32435.0,2.52
EVANSTON,IL,36.8,34146.0,41377.0,75523,2058.0,15003.0,2.29
ATASCOCITA,TX,32.8,37424.0,40816.0,78240,4416.0,8657.0,3.03
SURPRISE,AZ,39.4,62875.0,65567.0,128442,11109.0,9929.0,2.9
DOTHAN,AL,38.9,32172.0,35364.0,67536,6334.0,1699.0,2.59
RAPID CITY,SD,39.5,36122.0,37446.0,73568,7429.0,2375.0,2.31
LEE'S SUMMIT,MO,36.8,48353.0,46715.0,95068,6624.0,3803.0,2.68
WARREN,MI,43.2,64063.0,71293.0,135356,7806.0,18822.0,2.45
ERIE,PA,35.3,48618.0,50852.0,99470,7093.0,6275.0,2.31
MOUNTAIN VIEW,CA,33.5,42493.0,37945.0,80438,1376.0,31857.0,2.46
WEST VALLEY CITY,UT,30.7,68235.0,67989.0,136224,4880.0,30712.0,3.81
HARTFORD,CT,31.0,58042.0,65972.0,124014,3130.0,28467.0,2.59
FREMONT,CA,38.3,114383.0,117808.0,232191,4629.0,109427.0,3.12
ELGIN,IL,35.7,54852.0,56224.0,111076,4024.0,30167.0,2.97
GREENVILLE,NC,26.2,39897.0,50691.0,90588,4283.0,4183.0,2.4
GASTONIA,NC,36.9,35527.0,39023.0,74550,3537.0,5715.0,2.67
FRISCO,TX,37.2,73989.0,80399.0,154388,6297.0,30913.0,3.05
OKLAHOMA CITY,OK,34.1,309227.0,322036.0,631263,41843.0,80165.0,2.58
CARLSBAD,CA,42.1,55119.0,58347.0,113466,6031.0,17689.0,2.68
PASADENA,CA,37.6,67712.0,74534.0,142246,4618.0,40779.0,2.63
NAPERVILLE,IL,38.5,71365.0,75794.0,147159,4545.0,30399.0,2.76
JOHNSON CITY,TN,38.2,31019.0,34350.0,65369,5038.0,2878.0,2.18
GOODYEAR,AZ,38.6,36711.0,42292.0,79003,7650.0,11774.0,2.97
WYOMING,MI,32.8,35967.0,39310.0,75277,3447.0,8612.0,2.65
READING,PA,29.4,43668.0,44205.0,87873,2580.0,17043.0,2.95
ROCHESTER HILLS,MI,41.2,36356.0,37076.0,73432,3053.0,13708.0,2.66
MADISON,WI,30.7,122596.0,126360.0,248956,9707.0,30090.0,2.23
PORTLAND,ME,40.3,31480.0,35392.0,66872,3666.0,9229.0,2.13
COLLEGE STATION,TX,22.9,54125.0,53774.0,107899,2471.0,16145.0,2.52
LEWISVILLE,TX,31.6,52776.0,52032.0,104808,4211.0,24865.0,2.78
RALEIGH,NC,32.8,219184.0,232765.0,451949,16747.0,65125.0,2.42
MOUNT VERNON,NY,38.5,31876.0,36745.0,68621,2064.0,23777.0,2.85
DALLAS,TX,32.6,639019.0,661063.0,1300082,41026.0,326825.0,2.59
SAN TAN VALLEY,AZ,31.3,40429.0,42368.0,82797,4300.0,5757.0,3.44
EAST ORANGE,NJ,35.5,29995.0,34967.0,64962,1870.0,15164.0,2.85
AUSTIN,TX,32.7,475718.0,456122.0,931840,37414.0,181686.0,2.5
CASAS ADOBES,AZ,44.8,30890.0,34375.0,65265,6601.0,7024.0,2.24
INDIANAPOLIS,IN,34.1,410615.0,437808.0,848423,42186.0,72456.0,2.53
RENTON,WA,36.3,52779.0,47468.0,100247,5032.0,28962.0,2.57
ODESSA,TX,31.2,61119.0,57861.0,118980,5509.0,15845.0,2.92
ROUND ROCK,TX,34.9,56646.0,59193.0,115839,6804.0,18237.0,3.13
SANTA FE,NM,44.1,40601.0,43511.0,84112,5083.0,13824.0,2.41
AKRON,OH,38.1,96886.0,100667.0,197553,12878.0,10024.0,2.24
SAN JOSE,CA,36.5,518317.0,508602.0,1026919,27269.0,401493.0,3.13
SAINT PAUL,MN,31.5,149547.0,151293.0,300840,10548.0,56514.0,2.58
MUNCIE,IN,27.4,32446.0,37255.0,69701,2968.0,1062.0,2.35
VICTORVILLE,CA,30.6,60989.0,61247.0,122236,7484.0,21959.0,3.47
MURFREESBORO,TN,30.2,60704.0,65417.0,126121,5199.0,8948.0,2.6
CHATTANOOGA,TN,36.6,83640.0,92957.0,176597,10001.0,10599.0,2.4
FAIRFIELD,CA,34.7,55550.0,57422.0,112972,8607.0,24503.0,3.14
TOLEDO,OH,36.1,135455.0,144323.0,279778,15286.0,9257.0,2.29
ASHEVILLE,NC,37.9,42100.0,46407.0,88507,4973.0,6630.0,2.18
SAVANNAH,GA,30.3,69389.0,76295.0,145684,9717.0,10355.0,2.57
FAYETTEVILLE,NC,30.7,101051.0,100914.0,201965,28089.0,12863.0,2.5
LOUISVILLE/JEFFERSON COUNTY METRO GOVERNMENT,KY,37.5,298451.0,316938.0,615389,39364.0,37875.0,2.45
YORBA LINDA,CA,45.5,31960.0,36006.0,67966,3171.0,15532.0,3.0
BILLINGS,MT,36.3,52705.0,57565.0,110270,9121.0,3206.0,2.4
DENTON,TX,28.7,62478.0,68569.0,131047,6352.0,18451.0,2.66
LONG BEACH,CA,34.6,238159.0,236013.0,474172,17463.0,127764.0,2.78
JACKSONVILLE,FL,35.7,419203.0,448828.0,868031,75432.0,85650.0,2.62
TUSCALOOSA,AL,29.1,47293.0,51045.0,98338,3647.0,4706.0,2.67
ELK GROVE,CA,36.1,80057.0,86833.0,166890,7762.0,38693.0,3.34
PARADISE,NV,37.2,122784.0,114162.0,236946,14112.0,66712.0,2.65
SANDY SPRINGS,GA,35.4,48570.0,56777.0,105347,3015.0,19837.0,2.4
PEARLAND,TX,33.9,52336.0,59329.0,111665,5621.0,16882.0,3.0
VIRGINIA BEACH,VA,35.4,222684.0,230061.0,452745,54995.0,38360.0,2.61
ROSEVILLE,CA,38.4,62591.0,67691.0,130282,8386.0,18161.0,2.72
HOMESTEAD,FL,31.4,31401.0,35099.0,66500,2287.0,24408.0,3.48
IOWA CITY,IA,25.5,37089.0,37138.0,74227,2047.0,9202.0,2.36
ARDEN-ARCADE,CA,41.5,47596.0,48680.0,96276,6511.0,13458.0,2.18
LARGO,FL,45.1,38166.0,42841.0,81007,8310.0,10489.0,2.28
CARROLLTON,TX,36.9,66928.0,66218.0,133146,5720.0,35327.0,2.78
CHANDLER,AZ,35.6,128885.0,131948.0,260833,15870.0,38721.0,2.78
IRVINE,CA,34.6,125411.0,131516.0,256927,5532.0,116366.0,2.73
MEDFORD,OR,38.6,39606.0,40189.0,79795,6632.0,6185.0,2.65
CORAL SPRINGS,FL,37.2,63316.0,66186.0,129502,4724.0,38552.0,3.17
BOSSIER CITY,LA,32.7,33428.0,34669.0,68097,8108.0,2980.0,2.4
WOODBURY,MN,37.7,31982.0,35868.0,67850,2732.0,9477.0,2.72
BOSTON,MA,31.8,322149.0,347320.0,669469,18350.0,190123.0,2.38
PITTSBURG,CA,34.5,33309.0,36118.0,69427,2109.0,21043.0,3.15
SAN RAMON,CA,39.1,39221.0,36911.0,76132,2855.0,29691.0,3.09
RENO,NV,35.7,122292.0,119151.0,241443,17089.0,37070.0,2.46
TOPEKA,KS,37.1,60879.0,66378.0,127257,9608.0,6711.0,2.32
NEWPORT NEWS,VA,32.8,88385.0,94000.0,182385,18896.0,12589.0,2.46
POINCIANA,FL,34.2,38142.0,35801.0,73943,2933.0,14349.0,3.93
COMPTON,CA,30.1,49264.0,49184.0,98448,897.0,30660.0,4.08
CEDAR PARK,TX,34.4,31248.0,33589.0,64837,3090.0,5207.0,3.05
MERCED,CA,29.7,40048.0,42392.0,82440,3723.0,16348.0,3.15
SHREVEPORT,LA,35.2,93138.0,103856.0,196994,14287.0,5658.0,2.53
PALATINE,IL,38.0,36506.0,32763.0,69269,2629.0,21760.0,2.69
SAN ANGELO,TX,32.8,49669.0,50744.0,100413,8412.0,7859.0,2.5
PASSAIC,NJ,30.4,36505.0,34577.0,71082,693.0,24174.0,3.56
LAKE CHARLES,LA,31.8,35678.0,40388.0,76066,4477.0,3215.0,2.36
NORTH RICHLAND HILLS,TX,39.9,35257.0,33948.0,69205,5175.0,7854.0,2.64
JACKSON,MS,31.7,79039.0,91772.0,170811,8146.0,1789.0,2.65
BOISE,ID,34.9,110099.0,108181.0,218280,16004.0,13409.0,2.61
CARMEL,IN,39.9,42928.0,46101.0,89029,2723.0,9645.0,2.71
PALMDALE,CA,32.6,76361.0,81989.0,158350,6388.0,41974.0,3.54
BALTIMORE,MD,34.7,294027.0,327822.0,621849,29540.0,49857.0,2.51
INDIO,CA,35.9,43803.0,43723.0,87526,3647.0,22538.0,3.08
FLORENCE-GRAHAM,CA,30.2,34186.0,32173.0,66359,416.0,28696.0,4.57
SANTA CLARITA,CA,38.1,90192.0,92175.0,182367,8537.0,40666.0,3.02
BUENA PARK,CA,35.7,41593.0,41671.0,83264,3116.0,28430.0,3.55
SAN CLEMENTE,CA,45.2,34076.0,31456.0,65532,3970.0,8109.0,2.64
LAWRENCE,KS,27.4,45592.0,48324.0,93916,2986.0,8701.0,2.53
DOWNEY,CA,37.3,53006.0,61205.0,114211,2281.0,39977.0,3.45
LAFAYETTE,LA,31.7,64018.0,63643.0,127661,5206.0,5396.0,2.54
NEWPORT BEACH,CA,46.8,43161.0,43970.0,87131,4847.0,15318.0,2.4
SCHENECTADY,NY,36.7,32398.0,32901.0,65299,3388.0,10961.0,2.82
SOUTH GATE,CA,32.5,47758.0,48641.0,96399,724.0,40571.0,3.97
BROWNSVILLE,TX,30.6,87689.0,96199.0,183888,4211.0,53301.0,3.48
COSTA MESA,CA,34.8,59097.0,54089.0,113186,4095.0,26645.0,2.59
TYLER,TX,33.9,50422.0,53283.0,103705,4813.0,8225.0,2.59
NAPA,CA,37.2,39828.0,40601.0,80429,4678.0,18449.0,2.84
CENTENNIAL,CO,42.4,53222.0,56504.0,109726,7226.0,9501.0,2.66
SUNRISE,FL,37.7,41471.0,51235.0,92706,4108.0,38209.0,2.98
LAWRENCE,MA,30.8,37464.0,42776.0,80240,1190.0,29170.0,3.17
TUCSON,AZ,33.6,264893.0,266781.0,531674,38182.0,82220.0,2.45
FULLERTON,CA,34.5,69549.0,71300.0,140849,5394.0,43404.0,2.97
LAKE FOREST,CA,40.3,41515.0,40982.0,82497,3748.0,20784.0,2.76
STOCKTON,CA,32.5,150976.0,154674.0,305650,12822.0,79583.0,3.16
SAN ANTONIO,TX,33.1,721405.0,748419.0,1469824,109089.0,208046.0,2.93
OREM,UT,26.1,48695.0,45762.0,94457,2828.0,12808.0,3.26
NORMAN,OK,30.9,59483.0,60814.0,120297,5578.0,8705.0,2.47
YOUNGS,OH,37.5,30758.0,33851.0,64609,3620.0,1058.0,2.22
HAYWARD,CA,34.3,78152.0,80148.0,158300,4385.0,60970.0,3.32
SANDY,UT,34.6,46923.0,46689.0,93612,3451.0,6691.0,3.22
MORENO VALLEY,CA,30.7,98584.0,105597.0,204181,8529.0,54442.0,3.9
DELRAY BEACH,FL,47.9,32219.0,34042.0,66261,4232.0,16639.0,2.35
GRESHAM,OR,36.7,53866.0,56716.0,110582,6326.0,17860.0,2.67
FEDERAL WAY,WA,36.4,49151.0,46037.0,95188,7135.0,18565.0,2.68
WATERLOO,IA,37.2,34488.0,33969.0,68457,4800.0,5082.0,2.42
JERSEY CITY,NJ,34.3,131765.0,132512.0,264277,4374.0,109186.0,2.57
MISSION VIEJO,CA,44.9,48849.0,48314.0,97163,4713.0,17308.0,2.85
DALE CITY,VA,33.4,35984.0,35415.0,71399,6085.0,22306.0,3.65
ALBUQUERQUE,NM,36.0,273323.0,285808.0,559131,37443.0,58200.0,2.49
PLANO,TX,38.1,138565.0,145054.0,283619,11719.0,74030.0,2.65
HESPERIA,CA,29.4,43588.0,49698.0,93286,3739.0,16667.0,3.52
LEHIGH ACRES,FL,34.3,57856.0,61624.0,119480,5551.0,31880.0,3.55
NORWALK,CT,42.4,40880.0,47603.0,88483,2877.0,22328.0,2.7
PAWTUCKET,RI,39.2,36072.0,35511.0,71583,3173.0,17884.0,2.41
TOWN 'N' COUNTRY,FL,38.1,39410.0,39586.0,78996,4534.0,22135.0,2.61
SAINT CLOUD,MN,30.7,34311.0,33942.0,68253,5012.0,5757.0,2.41
MIDLAND,TX,32.1,66595.0,66355.0,132950,5753.0,17061.0,2.78
CHICAGO,IL,34.2,1320015.0,1400541.0,2720556,72042.0,573463.0,2.53
KNOXVILLE,TN,33.1,89978.0,95334.0,185312,10897.0,10285.0,2.21
WESTLAND,MI,39.9,37742.0,44253.0,81995,4756.0,6429.0,2.41
COLUMBIA,MO,26.8,56544.0,62554.0,119098,4548.0,10729.0,2.37
YUMA,AZ,33.4,48298.0,45847.0,94145,7182.0,19326.0,2.64
ROANOKE,VA,36.9,47252.0,52645.0,99897,6567.0,7346.0,2.35
RIALTO,CA,31.6,49902.0,53235.0,103137,2036.0,32741.0,3.83
POMONA,CA,32.1,74945.0,78307.0,153252,3251.0,53879.0,3.63
WARNER ROBINS,GA,31.4,35093.0,38909.0,74002,6974.0,3210.0,2.5
EAST LOS ANGELES,CA,32.6,60460.0,59206.0,119666,1101.0,49575.0,3.75
SIMI VALLEY,CA,39.0,63243.0,63523.0,126766,6063.0,23260.0,3.13
DAVENPORT,IA,35.2,50123.0,52454.0,102577,7090.0,4065.0,2.39
THORNTON,CO,33.1,65482.0,67977.0,133459,7261.0,17949.0,2.97
GARY,IN,38.1,35876.0,41478.0,77354,3952.0,1884.0,2.35
PALM COAST,FL,48.8,39489.0,42632.0,82121,7950.0,9084.0,2.76
HIALEAH,FL,43.0,111530.0,125552.0,237082,1844.0,170148.0,3.31
CLIFTON,NJ,38.5,41932.0,44409.0,86341,2603.0,27979.0,3.11
BELLFLOWER,CA,33.4,38936.0,39498.0,78434,2154.0,24607.0,3.58
BROOMFIELD,CO,36.8,31755.0,33310.0,65065,3966.0,5316.0,2.53
JOLIET,IL,33.1,70863.0,79162.0,150025,7353.0,22409.0,3.13
PORTLAND,OR,36.7,313516.0,318671.0,632187,29940.0,86041.0,2.43
SAN FRANCISCO,CA,38.3,439752.0,425064.0,864816,26276.0,297199.0,2.37
CAMARILLO,CA,40.8,31941.0,35682.0,67623,4384.0,9735.0,2.77
SKOKIE,IL,43.4,31382.0,33437.0,64819,1066.0,27424.0,2.78
REDWOOD CITY,CA,37.1,42676.0,42624.0,85300,2430.0,27652.0,2.64
EVANSVILLE,IN,38.0,57198.0,60481.0,117679,9063.0,3169.0,2.25
HILLSBORO,OR,35.3,50926.0,51434.0,102360,6625.0,19531.0,2.68
THE WOODLANDS,TX,38.8,56083.0,63061.0,119144,8351.0,21188.0,2.93
LONGVIEW,TX,36.8,40065.0,41525.0,81590,5512.0,8782.0,2.55
UPLAND,CA,39.7,36226.0,40221.0,76447,2898.0,16552.0,2.77
SUNRISE MANOR,NV,32.5,93505.0,99103.0,192608,10663.0,56530.0,3.25
LUBBOCK,TX,29.2,122320.0,126731.0,249051,10588.0,14226.0,2.61
KIRKLAND,WA,40.8,42159.0,45108.0,87267,5156.0,18570.0,2.3
GARDEN GROVE,CA,37.8,86779.0,88605.0,175384,4316.0,80677.0,3.66
BATON ROUGE,LA,31.2,111492.0,117104.0,228596,10633.0,12268.0,2.52
LIVERMORE,CA,36.7,41522.0,46595.0,88117,3063.0,13959.0,2.91
PATERSON,NJ,34.0,70640.0,77117.0,147757,1694.0,49810.0,3.37
CONROE,TX,31.5,34907.0,33685.0,68592,4871.0,13839.0,2.65
EDMOND,OK,32.5,45191.0,44899.0,90090,5006.0,5585.0,2.68
SACRAMENTO,CA,33.7,237724.0,252991.0,490715,19698.0,112579.0,2.73
DETROIT,MI,34.8,319265.0,357859.0,677124,29511.0,39861.0,2.6
ONTARIO,CA,31.0,85059.0,86141.0,171200,4816.0,48557.0,3.52
ALAMEDA,CA,41.4,37747.0,40867.0,78614,4504.0,18841.0,2.52
CLOVIS,CA,37.8,52392.0,51780.0,104172,6173.0,13409.0,2.76
GILBERT,AZ,33.2,116711.0,130812.0,247523,10817.0,24531.0,3.2
HAMMOND,IN,36.0,38923.0,38687.0,77610,4144.0,9224.0,2.61
SAINT LOUIS,MO,35.0,153026.0,162659.0,315685,17060.0,21802.0,2.16
ALLEN,TX,37.2,51324.0,46814.0,98138,3505.0,19649.0,3.04
ATHENS-CLARKE COUNTY UNIFIED GOVERNMENT,GA,26.5,57415.0,65148.0,122563,3953.0,12868.0,2.44
SCRANTON,PA,38.5,37975.0,39137.0,77112,5059.0,8069.0,2.39
MODESTO,CA,35.2,104852.0,106405.0,211257,9855.0,39613.0,2.97
PERRIS,CA,26.9,41623.0,33336.0,74959,1321.0,23277.0,4.78
SOUTH JORDAN,UT,33.8,33669.0,32970.0,66639,2595.0,6142.0,3.61
VISALIA,CA,32.6,63695.0,66399.0,130094,5547.0,20779.0,3.11
DAVIS,CA,26.3,33493.0,34163.0,67656,2176.0,13997.0,2.69
GAITHERSBURG,MD,35.7,32211.0,35234.0,67445,2126.0,28133.0,2.73
COLUMBUS,GA,33.7,98785.0,101794.0,200579,21747.0,10376.0,2.62
PASADENA,TX,31.5,78827.0,74959.0,153786,5735.0,38072.0,2.95
ALBANY,GA,33.3,31695.0,39414.0,71109,5409.0,861.0,2.38
PLYMOUTH,MN,38.4,39035.0,36893.0,75928,4158.0,8830.0,2.46
CORONA,CA,37.1,79749.0,84493.0,164242,7709.0,42131.0,2.97
CONCORD,NC,35.7,42732.0,44961.0,87693,4621.0,8847.0,2.72
ROCHESTER,MN,35.0,54934.0,57282.0,112216,6888.0,17763.0,2.55
OSHKOSH,WI,33.0,32905.0,33652.0,66557,3809.0,2348.0,2.3
BALDWIN PARK,CA,35.8,38747.0,38309.0,77056,780.0,34322.0,4.13
OAKLAND,CA,35.7,203827.0,215451.0,419278,12159.0,113896.0,2.56
AUGUSTA-RICHMOND COUNTY CONSOLIDATED GOVERNMENT,GA,33.7,94662.0,101917.0,196579,19085.0,7915.0,2.67
SALEM,OR,35.4,80839.0,83704.0,164543,9685.0,19668.0,2.69
SCHAUMBURG,IL,36.9,35971.0,39840.0,75811,2019.0,24614.0,2.72
SPRINGFIELD,MO,34.1,81057.0,85741.0,166798,12291.0,7765.0,2.12
LOWELL,MA,33.4,54422.0,56298.0,110720,3764.0,33414.0,2.8
GLEN BURNIE,MD,36.5,33398.0,36461.0,69859,5298.0,6971.0,2.58
BEND,OR,37.3,42294.0,44723.0,87017,6199.0,3032.0,2.39
BRIDGEPORT,CT,34.1,71509.0,76110.0,147619,4646.0,44475.0,2.86
BROKEN ARROW,OK,36.8,52136.0,55459.0,107595,6797.0,6845.0,2.77
NEW ORLEANS,LA,35.9,185736.0,203881.0,389617,17388.0,21679.0,2.41
ARLINGTON,TX,32.6,191060.0,197062.0,388122,17050.0,79271.0,2.89
BELLEVUE,WA,37.4,70763.0,69051.0,139814,5382.0,54654.0,2.43
IRVING,TX,32.3,117189.0,119428.0,236617,6207.0,86756.0,2.78
WHITTIER,CA,36.1,44397.0,43039.0,87436,2790.0,17145.0,3.11
BAY,TX,32.9,37977.0,37508.0,75485,3478.0,13192.0,2.59
LOVELAND,CO,37.6,37042.0,38146.0,75188,5667.0,3050.0,2.53
MOUNT PLEASANT,SC,42.7,39429.0,41880.0,81309,3981.0,4701.0,2.53
HEMET,CA,36.8,38622.0,45251.0,83873,5613.0,13330.0,2.97
ARLINGTON,VA,34.4,113981.0,115183.0,229164,12719.0,55205.0,2.19
FRANKLIN,TN,38.3,34991.0,37644.0,72635,3303.0,6876.0,2.73
ROCHESTER,NY,31.4,100135.0,109673.0,209808,7288.0,17735.0,2.36
SUGAR LAND,TX,42.1,43889.0,44240.0,88129,4377.0,31169.0,2.95
MURRIETA,CA,35.3,49363.0,60453.0,109816,7242.0,19875.0,3.3
MIAMI,FL,40.4,215840.0,225149.0,440989,7233.0,260789.0,2.5
APPLE VALLEY,CA,34.3,32873.0,39312.0,72185,5714.0,5801.0,3.03
MACON,GA,36.0,71833.0,81626.0,153459,10735.0,4846.0,2.46
CLEVELAND,OH,36.0,186436.0,201623.0,388059,19849.0,18830.0,2.24
TEMPE,AZ,28.8,91350.0,84476.0,175826,7058.0,26620.0,2.44
ALBANY,NY,32.8,47627.0,50825.0,98452,3643.0,11948.0,2.08
SOUTHFIELD,MI,41.6,31369.0,41808.0,73177,4035.0,4011.0,2.27
DURHAM,NC,33.2,121153.0,136445.0,257598,12528.0,38642.0,2.4
PHARR,TX,26.9,35242.0,41293.0,76535,1376.0,25532.0,3.67
SPOKANE VALLEY,WA,36.0,49933.0,44975.0,94908,7984.0,4199.0,2.39
GRAND RAPIDS,MI,32.1,95669.0,99430.0,195099,8972.0,19176.0,2.56
SUNNYVALE,CA,35.7,79480.0,72280.0,151760,3900.0,71441.0,2.74
COLUMBIA,SC,28.0,67686.0,65707.0,133393,5708.0,6074.0,2.32
FORT LAUDERDALE,FL,42.8,93948.0,84639.0,178587,8897.0,47582.0,2.38
WARWICK,RI,42.6,39289.0,42409.0,81698,5799.0,5318.0,2.4
AURORA,CO,34.2,177899.0,180971.0,358870,25158.0,65816.0,2.82
BLOOMINGTON,MN,40.9,43318.0,43118.0,86436,6176.0,10728.0,2.3
CANTON,OH,33.4,34476.0,37419.0,71895,3404.0,2204.0,2.32
LANSING,MI,31.4,54333.0,59777.0,114110,5327.0,8371.0,2.39
MAYAGÜEZ,PR,38.1,30799.0,35782.0,66581,,,
LAGUNA NIGUEL,CA,45.8,30193.0,35619.0,65812,2648.0,12571.0,2.58
PINE HILLS,FL,29.2,35344.0,40737.0,76081,2594.0,20735.0,3.3
NEW YORK,NY,36.0,4081698.0,4468707.0,8550405,156961.0,3212500.0,2.68
PONCE,PR,40.5,56968.0,64615.0,121583,,,
BAYAMÓN,PR,39.4,80128.0,90131.0,170259,,,
MOBILE,AL,38.0,91275.0,103030.0,194305,11939.0,7234.0,2.4
LEAGUE CITY,TX,35.9,49354.0,48996.0,98350,6484.0,8361.0,2.72
LAFAYETTE,IN,33.5,34313.0,36857.0,71170,5045.0,5697.0,2.19
GUAYNABO,PR,42.2,33066.0,37426.0,70492,,,
MISSOULA,MT,34.7,35002.0,36022.0,71024,4733.0,2771.0,2.15
